open,high,low,close,volume,num_trades,taker_base_vol,taker_quote_vol,month,day,year
101204.5,101372.7,101200.0,101290.5,296.676,7465.0,216.459,21926029.5405,12,13,2024
102859.0,102877.4,102800.0,102800.0,106.009,3722.0,38.41,3950022.9475,12,15,2024
104646.4,104677.9,104538.4,104549.6,267.281,7081.0,145.955,15267186.2085,12,16,2024
102992.9,103053.3,102959.7,103053.3,188.48,5273.0,81.118,8356069.0111,12,15,2024
106668.6,106668.6,106327.2,106421.8,1959.204,37687.0,897.615,95599941.6927,12,16,2024
103135.8,103166.4,103086.9,103108.7,228.455,5292.0,116.279,11990294.4526,12,15,2024
101808.7,101838.1,101801.6,101825.7,173.745,3424.0,125.662,12795148.6989,12,14,2024
105424.0,105598.2,105424.0,105543.6,387.885,10552.0,263.915,27843390.6794,12,16,2024
102755.3,102881.6,102755.3,102823.0,478.719,12701.0,192.023,19745497.1792,12,15,2024
106366.4,106435.1,105975.0,106041.9,1599.91,36711.0,599.3,63627326.9514,12,16,2024
101327.5,101369.9,101194.6,101248.1,223.216,6326.0,73.144,7407425.673,12,14,2024
101859.4,101906.7,101848.3,101848.3,124.584,3492.0,37.114,3781015.8388,12,14,2024
105942.0,105969.5,105623.0,105949.4,1180.555,19229.0,507.11,53641094.8638,12,17,2024
106281.1,106350.1,106091.3,106143.4,1097.955,25964.0,451.236,47936942.2527,12,16,2024
105336.6,105412.1,105177.5,105177.5,324.559,9660.0,121.04,12748739.1752,12,16,2024
101113.6,101239.3,101095.7,101158.9,366.206,6602.0,263.653,26674006.0653,12,14,2024
104581.9,104739.6,104500.0,104593.7,992.198,23040.0,477.294,49934031.6368,12,16,2024
101532.8,101625.0,101505.1,101622.0,246.772,5475.0,148.179,15051087.8551,12,14,2024
106000.0,106058.3,105945.3,106009.2,453.787,5615.0,364.477,38636767.7691,12,16,2024
105040.1,105128.5,104964.4,105126.8,401.528,10144.0,267.854,28143150.2159,12,16,2024
101141.3,101141.4,100983.0,101027.4,221.867,5412.0,51.168,5172180.0881,12,14,2024
104755.6,104783.6,104617.6,104704.0,387.245,10555.0,173.37,18151610.7806,12,16,2024
106441.4,106526.6,106440.0,106526.6,317.469,7045.0,187.928,20011158.5327,12,17,2024
101238.3,101244.8,101170.0,101173.0,181.679,4710.0,67.258,6806704.3723,12,13,2024
105934.7,106224.8,105912.7,106224.7,745.848,11770.0,544.511,57759959.8581,12,16,2024
101286.1,101363.5,101254.4,101296.0,445.2,9752.0,185.332,18775403.6592,12,13,2024
103145.1,103200.0,103086.4,103111.7,393.662,10455.0,147.568,15221667.3652,12,15,2024
101486.1,101502.9,101406.3,101406.4,163.402,5195.0,80.185,8137639.8175,12,15,2024
105983.9,106023.6,105960.6,106018.9,203.165,4793.0,103.286,10947263.334,12,16,2024
102800.1,102921.8,102763.4,102790.0,270.703,6577.0,106.047,10905636.7266,12,15,2024
101413.8,101439.0,101373.1,101373.1,129.627,3119.0,47.046,4771249.1511,12,14,2024
106718.3,106794.8,106702.4,106784.1,218.734,5711.0,135.182,14431649.786,12,17,2024
102230.6,102363.4,102230.5,102346.1,249.037,5718.0,176.082,18013417.2718,12,15,2024
103183.2,103388.0,103183.2,103254.5,363.732,9725.0,207.358,21421376.6126,12,15,2024
101383.5,101416.7,101336.5,101343.8,73.835,3682.0,38.485,3901283.4881,12,13,2024
101368.8,101381.5,101302.9,101320.0,101.865,4338.0,40.166,4070946.2886,12,13,2024
101406.9,101420.3,101321.0,101331.6,239.959,5794.0,97.304,9862296.3556,12,14,2024
106517.9,106599.0,106468.1,106468.1,371.366,8847.0,192.273,20489176.3016,12,17,2024
101567.0,101567.1,101451.1,101467.8,227.09,4549.0,109.94,11157832.2409,12,14,2024
101139.5,101200.2,101139.4,101141.0,111.857,2894.0,37.93,3837389.3964,12,14,2024
101296.0,101519.0,101279.4,101516.7,648.107,11236.0,323.805,32840031.3311,12,13,2024
101587.9,101588.0,101437.8,101437.8,191.638,4998.0,36.771,3732372.8496,12,14,2024
102864.2,102870.9,102742.8,102751.7,281.339,7875.0,94.444,9709229.5154,12,15,2024
103774.3,104021.9,103774.2,103905.8,652.637,10689.0,418.788,43526172.6378,12,16,2024
101027.0,101062.7,100854.5,100854.6,479.579,8808.0,132.994,13422833.9404,12,14,2024
101868.8,101898.0,101778.2,101782.5,324.959,8022.0,113.698,11579809.1926,12,14,2024
101718.5,101734.2,101701.1,101701.1,280.638,5769.0,144.671,14715924.3658,12,15,2024
102555.0,102624.9,102284.0,102305.6,1421.074,28149.0,534.787,54782804.6132,12,14,2024
101982.1,102025.8,101865.0,101876.6,656.032,12747.0,274.58,27984484.432,12,14,2024
100860.4,100888.0,100806.0,100869.1,253.148,7210.0,136.188,13733570.9584,12,14,2024
102219.7,102250.0,102087.0,102112.9,437.103,11837.0,152.176,15552868.0937,12,14,2024
106531.1,106614.1,106518.0,106597.6,158.287,4210.0,88.523,9435376.0718,12,17,2024
103381.2,103650.3,103264.6,103582.5,935.849,22202.0,556.478,57586650.4182,12,16,2024
105762.8,105968.9,105750.4,105875.8,289.972,7861.0,141.915,15025821.2711,12,16,2024
102150.0,102477.5,102149.9,102443.2,2401.112,35527.0,1755.788,179632574.1602,12,15,2024
101050.8,101119.2,101032.0,101088.2,160.094,4122.0,66.991,6770908.8817,12,14,2024
102959.5,103034.7,102900.0,103020.1,363.538,9669.0,181.752,18716735.5097,12,15,2024
105734.7,105734.7,105496.0,105504.5,865.514,16229.0,265.803,28061618.3071,12,16,2024
105971.1,106027.4,105902.9,106023.2,465.028,8432.0,317.088,33603252.7122,12,16,2024
101221.6,101400.0,101205.7,101210.0,386.146,9815.0,158.554,16058868.7166,12,13,2024
104950.0,104991.7,104865.5,104865.5,351.089,9767.0,154.051,16163951.0986,12,16,2024
102163.5,102210.0,102106.3,102135.4,329.157,6716.0,107.335,10965723.0213,12,15,2024
102099.9,102187.5,102089.0,102121.6,148.842,5139.0,88.233,9011550.2951,12,14,2024
101582.1,101598.0,101281.2,101400.1,768.805,14859.0,224.092,22725382.7568,12,14,2024
101306.3,101422.5,101280.3,101422.4,116.626,4155.0,76.071,7709806.9077,12,15,2024
106081.9,106163.1,105867.3,106089.1,1239.327,25428.0,698.207,74039213.9003,12,16,2024
103942.9,103943.0,103704.8,103774.3,825.817,13501.0,194.966,20237582.9406,12,16,2024
101760.8,101797.5,101742.0,101772.8,116.213,3828.0,65.361,6651935.0309,12,15,2024
104940.5,104964.4,104619.5,104703.2,1374.627,25098.0,481.036,50397260.4393,12,15,2024
101772.9,101944.5,101743.2,101900.0,596.299,7485.0,516.567,52618871.7161,12,15,2024
102521.4,102666.0,102521.4,102623.1,883.524,16401.0,613.244,62925505.1193,12,15,2024
101678.3,101730.5,101644.9,101645.0,151.375,4557.0,95.957,9758959.0184,12,14,2024
106062.9,106085.6,105924.7,106051.3,372.12,6575.0,183.238,19425077.3793,12,16,2024
101622.0,101631.0,101580.6,101601.9,98.469,3997.0,42.887,4357371.0401,12,14,2024
102696.7,102810.5,102640.0,102804.0,243.564,7130.0,168.054,17267426.2849,12,15,2024
101366.9,101560.0,101284.0,101549.4,525.057,10389.0,357.861,36304391.0267,12,13,2024
101609.5,101611.5,101577.0,101605.2,130.995,3455.0,78.836,8009795.6532,12,14,2024
102856.6,102870.2,102702.0,102751.5,718.149,14811.0,313.763,32248362.9814,12,15,2024
102161.1,102266.7,102100.8,102219.8,461.796,12930.0,198.191,20252274.7168,12,14,2024
103900.0,104117.4,103900.0,104076.9,857.258,11632.0,634.543,66027030.8702,12,16,2024
103227.8,103284.6,103152.7,103158.7,131.183,5049.0,51.749,5341953.1329,12,15,2024
104015.5,104049.0,103915.7,103943.0,428.002,9230.0,134.971,14035413.5636,12,16,2024
101411.0,101416.9,101317.0,101393.4,455.204,7005.0,172.207,17457688.2649,12,14,2024
100943.3,101009.9,100905.3,100960.6,305.866,7123.0,127.786,12899667.3196,12,14,2024
101317.7,101415.5,101195.2,101392.1,1010.707,16176.0,510.317,51710518.3715,12,14,2024
104991.4,105084.7,104922.0,105070.2,468.625,9272.0,211.744,22235109.3463,12,16,2024
101416.3,101496.9,101404.7,101427.3,198.313,5109.0,86.113,8735911.9767,12,15,2024
101703.8,101775.1,101703.7,101775.0,171.91,4908.0,109.503,11141557.374,12,15,2024
101138.7,101384.8,101128.6,101315.0,648.48,12565.0,444.425,45013393.0593,12,14,2024
106445.8,106550.0,106441.1,106487.6,683.94,11710.0,295.341,31452854.0082,12,17,2024
106324.0,106380.0,106308.4,106323.1,173.757,5058.0,75.414,8019388.036,12,17,2024
104084.9,104090.0,103934.6,104015.6,694.613,11881.0,197.168,20511329.9897,12,16,2024
102900.0,103011.8,102863.7,102959.0,1284.697,20744.0,655.939,67523021.0302,12,15,2024
102113.0,102239.8,102112.9,102163.5,611.633,11833.0,385.754,39417388.4784,12,15,2024
101471.3,101529.0,101466.7,101479.8,149.151,4025.0,80.724,8193563.9226,12,15,2024
102283.9,102333.3,102244.6,102333.2,280.564,8299.0,165.386,16920139.2599,12,15,2024
105811.8,105860.5,105710.0,105860.4,615.297,17462.0,323.402,34208805.6959,12,17,2024
101862.3,101900.0,101807.8,101818.1,325.955,6340.0,163.08,16614936.2943,12,15,2024
101174.6,101287.9,101160.6,101210.0,298.849,6775.0,126.348,12787964.2246,12,13,2024
101787.0,101840.2,101745.0,101745.0,133.459,4827.0,62.308,6343224.0678,12,14,2024
102785.0,102920.1,102785.0,102920.1,294.329,7905.0,186.072,19141464.7958,12,15,2024
101488.1,101579.8,101487.1,101579.8,387.791,7942.0,263.654,26771383.0908,12,15,2024
102346.2,102446.4,102330.9,102330.9,434.405,9484.0,226.525,23198511.2384,12,15,2024
101986.9,102050.0,101986.8,102016.6,423.485,4702.0,250.948,25600355.4467,12,15,2024
103823.2,103823.2,103585.2,103717.8,2074.131,38948.0,971.851,100749554.2835,12,16,2024
106420.7,106495.6,106370.8,106445.7,616.972,11026.0,266.542,28372623.7453,12,17,2024
101141.1,101141.1,101071.0,101095.1,81.03,2442.0,33.61,3398144.968,12,14,2024
103254.4,103395.6,103254.4,103356.8,262.992,7188.0,125.738,12993248.1792,12,15,2024
106085.5,106099.8,105807.4,105811.7,305.111,10976.0,108.863,11534139.0677,12,17,2024
102959.5,103142.0,102959.4,103141.9,267.584,6878.0,167.697,17282948.8616,12,15,2024
103163.0,103203.1,103137.0,103164.1,116.318,3632.0,38.808,4003649.2325,12,15,2024
102763.8,102931.0,102709.4,102901.4,342.977,8416.0,249.772,25681951.065,12,15,2024
103346.4,103354.0,103218.9,103244.9,175.504,5298.0,81.609,8430612.9628,12,15,2024
105003.4,105065.0,104919.4,105040.0,443.518,9939.0,178.673,18763487.6115,12,16,2024
101752.4,101768.3,101699.1,101703.8,137.705,4173.0,54.183,5512587.97,12,15,2024
101920.1,101950.0,101881.0,101949.9,211.219,5644.0,99.376,10128202.9769,12,15,2024
101314.9,101315.0,101189.3,101234.9,228.77,6801.0,95.837,9701921.4225,12,14,2024
101416.8,101530.9,101416.7,101488.0,199.949,4364.0,120.879,12268032.9559,12,15,2024
105092.3,105166.6,105062.5,105123.4,143.799,5720.0,78.597,8262657.9003,12,16,2024
101392.1,101413.4,101315.5,101316.1,276.65,7581.0,115.652,11724822.3734,12,14,2024
102175.3,102220.0,101911.2,102050.1,1184.999,22762.0,603.984,61645190.5561,12,14,2024
101730.4,101730.4,101578.0,101617.1,842.167,10660.0,275.429,27988740.5667,12,14,2024
101241.5,101253.3,101170.0,101170.0,134.942,3961.0,41.971,4248290.6536,12,14,2024
104629.5,105374.6,104550.0,104788.3,6681.071,112151.0,3780.057,396965358.7422,12,15,2024
104057.9,104071.9,103700.3,103823.1,2500.52,38076.0,1051.238,109196140.0864,12,16,2024
102776.1,102776.1,102554.3,102557.1,618.441,13742.0,217.075,22274466.3936,12,15,2024
101361.2,101411.8,101352.0,101389.9,123.767,3846.0,54.57,5532372.0138,12,14,2024
102407.9,102408.0,102295.2,102330.0,293.373,7442.0,136.882,14006921.5817,12,15,2024
105182.7,105198.0,105135.0,105135.0,367.973,8136.0,219.425,23078419.2215,12,16,2024
101888.0,101888.0,101816.9,101820.1,163.117,3667.0,42.138,4291875.4322,12,14,2024
104933.8,105040.7,104907.5,104964.3,642.372,11438.0,428.74,45010660.5291,12,16,2024
100729.7,100939.6,100729.7,100937.2,523.47,10239.0,365.915,36901011.501,12,14,2024
105236.7,105365.3,105236.7,105344.2,535.102,10354.0,312.841,32948792.4619,12,16,2024
104788.2,104960.0,104460.0,104692.2,2465.182,52095.0,1117.039,116975336.5681,12,15,2024
101374.6,101449.7,101314.0,101399.9,415.306,8549.0,196.178,19887207.2281,12,13,2024
101105.0,101153.8,101096.5,101150.0,90.877,2749.0,43.294,4378288.5659,12,14,2024
104996.4,105021.0,104917.3,105003.4,280.214,5926.0,118.742,12465138.9815,12,16,2024
103370.0,103414.2,103107.1,103114.3,789.194,17549.0,236.408,24412411.656,12,15,2024
106378.8,106481.2,106152.2,106238.3,934.501,20291.0,445.135,47306684.6963,12,16,2024
102885.0,102923.0,102823.3,102889.9,211.28,5578.0,63.554,6538141.2189,12,15,2024
102189.7,102288.9,102172.7,102288.9,271.255,4939.0,197.331,20173472.1581,12,15,2024
102186.1,102272.5,102121.9,102130.0,382.111,11168.0,180.762,18474384.1652,12,15,2024
101643.1,101648.1,101612.3,101615.9,60.407,2641.0,30.948,3145248.0483,12,14,2024
101754.4,101757.3,101702.9,101731.7,149.742,4693.0,79.541,8092157.9499,12,14,2024
101717.0,101750.9,101700.0,101700.1,92.662,2708.0,40.368,4106698.0405,12,15,2024
102103.7,102124.2,102005.1,102120.0,326.311,6820.0,120.39,12288417.0298,12,15,2024
102987.5,103066.3,102959.7,103055.0,261.755,6795.0,167.901,17295168.8514,12,15,2024
106007.6,106057.9,105929.3,105983.8,429.05,9215.0,138.101,14638514.5158,12,16,2024
101843.1,101958.9,101816.7,101950.0,157.27,5890.0,98.207,10006873.1981,12,14,2024
105963.4,106108.4,105919.7,106045.7,412.752,11260.0,263.292,27915850.651,12,17,2024
101336.2,101380.1,101298.6,101348.6,479.697,8230.0,181.656,18409950.5188,12,14,2024
101066.0,101164.4,100914.9,100952.0,651.629,11354.0,305.479,30875103.0026,12,14,2024
105875.6,105942.1,105842.5,105934.8,197.337,4969.0,151.14,16003781.7285,12,16,2024
101250.5,101253.4,101106.1,101147.9,326.842,6134.0,129.936,13146151.3847,12,14,2024
100960.6,101049.5,100928.9,101037.7,163.144,5417.0,111.715,11282780.6064,12,14,2024
101699.9,101744.9,101655.0,101730.7,106.804,5275.0,45.507,4628165.538,12,14,2024
101332.9,101384.6,101301.5,101301.6,204.603,5538.0,88.805,9000956.416,12,14,2024
101984.5,101990.0,101978.2,101989.9,119.447,2723.0,72.615,7405495.2819,12,15,2024
100859.7,101011.8,100859.7,100929.0,117.587,4132.0,63.224,6381980.9218,12,14,2024
101827.7,101827.8,101723.3,101742.4,171.767,3915.0,49.209,5006957.0513,12,14,2024
102016.5,102016.5,101960.5,101984.6,249.318,3721.0,84.613,8628527.3336,12,15,2024
103387.8,103412.5,103346.3,103346.3,132.776,3904.0,65.938,6817521.4815,12,15,2024
101870.0,101920.0,101833.3,101875.2,254.836,5148.0,148.42,15123130.8807,12,14,2024
101775.1,101876.6,101763.0,101845.5,475.533,6845.0,334.104,34013546.257,12,15,2024
101776.6,101814.6,101727.2,101808.6,162.77,4807.0,111.813,11379424.0001,12,14,2024
101274.8,101274.9,101192.3,101204.6,424.196,7946.0,115.238,11665238.6613,12,13,2024
104447.3,104498.4,104360.0,104362.8,450.32,8908.0,133.448,13936318.6761,12,16,2024
101467.8,101498.5,101462.3,101490.8,81.43,2626.0,27.207,2761176.7123,12,14,2024
101833.8,101833.8,101742.2,101764.6,145.619,3386.0,63.041,6415821.5944,12,15,2024
106848.9,107069.4,106845.4,107018.2,606.13,16322.0,290.638,31097544.2215,12,16,2024
101639.4,101668.4,101555.3,101576.8,307.465,4792.0,105.883,10757841.1023,12,14,2024
104999.3,105051.5,104996.4,104996.4,293.85,6378.0,197.183,20708451.7468,12,16,2024
101750.2,101968.9,101750.1,101859.4,329.006,7677.0,188.74,19231054.8123,12,14,2024
101615.9,101657.1,101605.6,101657.1,101.291,2860.0,43.988,4470164.9044,12,14,2024
101210.0,101250.0,101148.3,101174.6,365.472,8023.0,144.457,14618602.205,12,13,2024
104652.9,104652.9,104492.6,104512.5,360.24,9808.0,162.053,16940412.6037,12,16,2024
102288.8,102311.3,102230.7,102230.7,178.645,4923.0,66.715,6823769.6059,12,15,2024
101829.8,101944.4,101707.8,101880.7,763.346,16249.0,309.837,31551794.044,12,14,2024
105742.1,105780.9,105656.5,105771.2,396.611,8782.0,200.353,21180136.3196,12,16,2024
105793.8,105985.6,105503.0,105738.1,3101.123,59369.0,1410.687,149207253.4762,12,16,2024
101420.0,101450.1,101411.0,101411.0,199.002,3914.0,71.472,7249677.0792,12,14,2024
101742.3,101742.4,101692.9,101705.9,125.555,3473.0,45.55,4632961.4381,12,14,2024
103530.8,103932.9,103432.1,103877.0,1546.706,25797.0,1028.471,106726702.5038,12,16,2024
101307.0,101458.7,101306.9,101447.7,282.585,6870.0,172.645,17507468.8605,12,14,2024
100835.2,101066.1,100811.2,101020.1,941.856,21355.0,452.144,45645665.2419,12,14,2024
106023.2,106083.5,105914.1,105995.6,617.411,14493.0,291.685,30924315.7856,12,17,2024
103232.2,103362.3,102900.0,102900.0,2271.157,39467.0,1010.197,104239677.4531,12,15,2024
101730.8,101888.0,101730.7,101887.9,232.968,5364.0,166.325,16934690.3339,12,14,2024
106601.6,106610.1,106501.1,106531.1,170.458,5496.0,45.287,4825130.4889,12,17,2024
104362.8,104375.6,104175.7,104230.1,1516.371,27666.0,482.744,50333139.9403,12,16,2024
101430.6,101479.8,101418.7,101427.5,180.684,5609.0,85.245,8648086.2838,12,14,2024
101078.9,101186.0,101073.7,101185.9,167.762,4351.0,120.391,12173993.8302,12,13,2024
104549.7,104711.4,104459.4,104711.4,365.837,9703.0,225.261,23559308.3284,12,16,2024
102089.1,102089.1,101868.8,101868.9,625.497,11144.0,99.698,10162067.6381,12,14,2024
103158.8,103175.0,103100.0,103100.0,190.746,5563.0,70.857,7308276.4726,12,15,2024
101200.1,101320.2,101200.0,101241.6,201.622,5226.0,124.3,12588673.8074,12,13,2024
102129.9,102242.2,102124.5,102192.4,319.273,9090.0,202.145,20658074.6814,12,15,2024
101630.9,101700.0,101628.8,101671.9,220.189,5754.0,137.32,13961733.0361,12,15,2024
104512.7,104533.7,104411.0,104411.1,524.209,9652.0,175.201,18306158.1019,12,16,2024
106756.5,106760.0,106658.2,106688.5,244.978,6466.0,65.446,6983610.4674,12,17,2024
101493.3,101517.0,101449.7,101454.4,175.466,6363.0,89.855,9118302.8935,12,13,2024
102207.2,102293.7,102190.7,102284.0,425.481,10600.0,285.726,29215548.4165,12,15,2024
102668.5,102775.1,102556.3,102754.6,786.737,15268.0,438.085,44977100.1966,12,15,2024
102901.5,102969.2,102867.7,102885.0,363.993,7195.0,212.735,21897808.6643,12,15,2024
103280.2,103292.7,103151.1,103292.7,454.287,7337.0,279.713,28862270.5034,12,15,2024
104637.7,104708.6,104609.4,104646.4,355.755,6872.0,192.2,20117040.3571,12,16,2024
105949.5,106136.3,105871.2,106130.8,817.408,16319.0,510.588,54145134.1071,12,17,2024
101195.6,101291.1,101188.5,101260.2,254.028,6438.0,121.122,12262125.9939,12,14,2024
101149.3,101149.3,101099.9,101112.0,142.117,3607.0,52.309,5289227.4775,12,13,2024
102557.1,102686.3,102554.9,102619.7,426.813,10665.0,224.945,23083475.1586,12,15,2024
102661.7,102920.0,102661.7,102902.2,501.562,10353.0,331.359,34076373.5674,12,15,2024
105680.7,105969.9,105664.2,105969.8,416.225,9711.0,290.397,30724844.7856,12,16,2024
104029.9,104056.3,103925.0,104025.8,671.022,13644.0,448.201,46610901.9803,12,16,2024
101590.2,101644.9,101584.3,101627.4,89.602,3412.0,48.837,4962784.9599,12,14,2024
105834.8,106147.1,105720.8,105989.2,3224.886,62368.0,1646.588,174523437.1703,12,16,2024
105175.9,105198.0,105098.1,105182.8,463.751,8734.0,214.491,22555925.3928,12,16,2024
104410.9,104623.2,104350.4,104560.0,483.734,10831.0,357.229,37329764.4915,12,16,2024
106613.2,106748.4,106526.6,106705.8,1078.664,27114.0,487.103,51942236.4497,12,16,2024
102860.0,103031.8,102846.1,102959.6,588.806,11007.0,344.071,35421379.3413,12,15,2024
101736.2,101768.3,101730.0,101752.4,145.286,4980.0,93.251,9488796.8319,12,15,2024
101636.6,101724.5,101566.8,101699.8,344.997,8679.0,180.117,18307254.2269,12,13,2024
105150.5,105231.3,105150.5,105172.2,192.856,5293.0,98.902,10403364.9166,12,16,2024
102330.9,102408.0,102313.0,102407.9,268.976,5656.0,175.945,18010373.1844,12,15,2024
103141.9,103201.5,103115.1,103184.2,193.257,5241.0,89.203,9202201.2109,12,15,2024
101693.3,101749.3,101661.4,101716.6,469.965,8274.0,219.592,22330341.923,12,15,2024
101691.3,101845.0,101662.5,101838.6,1117.963,18125.0,755.544,76873147.5868,12,15,2024
102112.9,102176.1,101923.0,101982.1,548.47,15602.0,235.742,24049987.0153,12,14,2024
101320.6,101320.7,101290.7,101290.7,110.33,3583.0,31.207,3161233.5823,12,14,2024
104502.3,104750.0,104415.9,104746.0,860.372,17543.0,477.323,49934601.8986,12,16,2024
101020.7,101100.5,101020.0,101025.5,249.429,6630.0,137.681,13912397.8658,12,14,2024
100900.0,100929.1,100822.2,100860.4,347.655,6926.0,127.725,12881290.0924,12,14,2024
101427.2,101450.0,101389.7,101432.4,94.756,3312.0,43.782,4440590.8819,12,15,2024
101344.1,101344.1,101234.8,101272.7,312.462,6440.0,102.196,10348284.5124,12,15,2024
101910.5,102100.0,101900.9,102099.9,783.705,10948.0,687.905,70183971.7765,12,15,2024
100933.1,101059.1,100838.0,101036.0,551.636,11449.0,271.249,27388601.4952,12,14,2024
101332.2,101436.6,101158.2,101436.6,1240.698,17803.0,465.64,47164489.108,12,13,2024
101348.5,101414.4,101298.4,101315.8,323.076,8467.0,198.185,20087076.3089,12,14,2024
101838.5,102068.9,101820.5,101974.8,1532.453,24877.0,986.994,100612602.9569,12,15,2024
106188.6,106267.1,106104.4,106184.4,653.567,13560.0,317.257,33685642.3828,12,16,2024
103139.3,103379.9,103098.7,103338.9,810.401,15958.0,516.466,53332283.1644,12,15,2024
101150.0,101254.4,101059.3,101250.0,1075.921,13088.0,482.353,48807722.4705,12,14,2024
103246.1,103272.1,103183.2,103183.2,179.323,5366.0,92.278,9526008.4566,12,15,2024
106750.0,106837.5,106718.7,106824.4,187.993,6086.0,91.401,9760338.1627,12,17,2024
105094.4,105332.3,105079.8,105315.0,497.602,13537.0,317.736,33430447.5052,12,16,2024
103111.7,103215.0,102945.7,103190.7,634.971,14446.0,296.485,30566241.1478,12,15,2024
103244.8,103280.7,103164.3,103209.6,242.267,5816.0,110.094,11362717.4348,12,15,2024
104777.3,104899.4,104560.4,104567.1,781.816,17622.0,238.515,24995645.0899,12,15,2024
101639.1,101644.9,101592.8,101597.2,118.151,3590.0,43.538,4424361.7614,12,14,2024
104593.7,104780.6,104500.0,104768.0,754.566,18904.0,492.263,51532494.5581,12,16,2024
104680.6,104966.0,104512.8,104899.4,887.257,18327.0,513.431,53766103.455,12,16,2024
103222.6,103303.8,103181.4,103296.1,162.003,3863.0,113.081,11673912.1562,12,15,2024
106238.2,106569.0,106182.2,106535.0,703.052,15995.0,411.424,43802275.4113,12,16,2024
101728.3,101766.5,101708.6,101717.0,88.179,3395.0,33.898,3448580.994,12,15,2024
101737.4,101783.1,101730.2,101776.5,118.592,3128.0,82.491,8394572.971,12,14,2024
101593.9,101603.7,101505.1,101532.8,293.713,7506.0,112.022,11376951.1495,12,14,2024
104567.1,104650.2,104220.2,104460.4,2141.998,35707.0,802.63,83782107.6205,12,15,2024
105859.7,106054.2,105802.3,106029.7,800.943,16328.0,444.624,47089304.2089,12,16,2024
104473.9,104643.8,104425.6,104643.8,697.009,13381.0,372.658,38952750.8219,12,16,2024
101937.7,101954.8,101790.0,101911.0,499.514,9155.0,89.711,9140338.1899,12,15,2024
102419.0,102468.8,102377.2,102405.6,328.862,6333.0,111.131,11383147.2692,12,15,2024
101880.7,102307.0,101869.9,102227.3,1946.892,39798.0,1381.717,141150829.4484,12,14,2024
101775.1,101849.0,101737.5,101758.1,698.743,9127.0,215.789,21965521.2857,12,14,2024
103088.5,103142.0,103040.0,103121.7,230.239,5317.0,115.099,11864446.727,12,15,2024
106400.7,106417.6,106326.6,106337.6,110.723,3897.0,48.848,5194971.4871,12,17,2024
101702.8,101754.8,101692.0,101729.9,146.711,3669.0,87.486,8898862.5006,12,15,2024
102251.6,102264.9,102136.0,102136.0,203.504,5259.0,60.324,6164747.1013,12,14,2024
101758.0,101758.1,101557.8,101691.3,573.97,14122.0,218.79,22239765.2446,12,14,2024
102232.4,102232.4,102060.1,102072.5,520.721,10036.0,146.274,14937098.4025,12,15,2024
102758.4,102916.1,102750.6,102882.4,220.024,7743.0,149.191,15344440.2509,12,15,2024
102100.0,102100.0,101977.6,101977.6,260.901,6512.0,78.274,7989745.2145,12,15,2024
102283.6,102283.7,102200.0,102226.6,240.456,7399.0,67.858,6937541.2155,12,15,2024
102120.0,102194.5,102017.7,102074.9,448.864,10925.0,173.11,17672731.9465,12,14,2024
106080.3,106100.0,105976.3,106000.3,294.526,11114.0,132.571,14057670.442,12,17,2024
101765.6,101958.0,101744.0,101843.0,403.22,8951.0,278.327,28358060.2789,12,14,2024
101060.8,101196.2,101021.2,101196.1,234.763,4849.0,133.034,13449593.5432,12,14,2024
106548.1,106613.6,106526.6,106570.4,144.731,5116.0,83.67,8915883.2408,12,17,2024
105969.9,106008.9,105890.4,105971.0,643.77,11066.0,412.849,43747565.023,12,16,2024
105879.3,106085.5,105871.9,106085.5,378.185,12022.0,262.675,27841901.3226,12,17,2024
102688.2,102859.6,102615.0,102782.1,553.058,13293.0,311.565,32012979.2716,12,15,2024
103183.0,103237.4,103163.0,103163.0,108.964,3385.0,63.24,6526230.2409,12,15,2024
102831.7,102831.7,102592.4,102592.5,729.621,14148.0,270.422,27767796.4068,12,15,2024
101995.8,102034.7,101945.4,101994.5,119.269,4836.0,55.217,5631891.2174,12,14,2024
101416.1,101468.9,101292.8,101332.3,321.616,10178.0,111.971,11351872.4908,12,13,2024
101775.1,101846.4,101775.0,101840.9,223.822,5080.0,155.223,15804921.0447,12,15,2024
102890.0,102965.5,102861.1,102930.0,189.207,5550.0,134.787,13871950.5601,12,15,2024
101233.0,101327.1,101180.0,101327.0,272.708,5443.0,203.212,20579016.1844,12,13,2024
101186.0,101250.4,101185.9,101233.0,265.739,6013.0,175.477,17763280.5335,12,13,2024
101153.9,101153.9,101011.8,101011.8,137.144,3229.0,35.474,3585601.7092,12,14,2024
101774.1,101774.1,101662.6,101662.6,288.754,4852.0,50.667,5152744.0366,12,14,2024
102696.0,102850.0,102657.7,102825.7,476.397,11765.0,298.489,30683252.3415,12,15,2024
106211.6,106347.1,106155.8,106336.7,682.446,14229.0,378.635,40227185.2106,12,16,2024
103108.8,103176.7,103088.5,103088.5,144.851,4413.0,79.958,8246540.3029,12,15,2024
104602.5,104624.9,104512.6,104512.7,301.739,8575.0,125.57,13128567.2866,12,16,2024
102172.6,102196.2,102155.4,102155.5,122.339,3414.0,53.875,5504531.4834,12,14,2024
102060.0,102060.0,101876.6,101896.7,515.304,8702.0,159.679,16274920.464,12,15,2024
101538.9,101561.4,101522.0,101524.1,113.128,3348.0,38.287,3887527.0281,12,14,2024
101599.9,101718.9,101599.9,101718.9,386.973,7058.0,303.428,30846861.6438,12,15,2024
102293.1,102293.1,102229.4,102232.4,150.237,4187.0,43.757,4474095.1682,12,15,2024
106104.6,106450.6,106104.5,106450.6,1293.117,25438.0,801.071,85160946.2376,12,16,2024
106184.4,106184.4,106035.6,106078.0,625.436,13209.0,303.647,32211856.6781,12,16,2024
104674.0,104722.2,104323.5,104460.9,1333.646,23573.0,511.832,53481279.0251,12,16,2024
101597.1,101597.1,101489.0,101537.8,187.164,5585.0,75.914,7707101.1794,12,14,2024
101700.0,101775.1,101700.0,101775.1,128.104,4123.0,84.036,8550122.104,12,15,2024
105771.2,105920.0,105722.6,105798.8,436.969,9933.0,266.519,28204994.2816,12,16,2024
103877.0,104022.5,103832.6,103980.6,1077.967,19694.0,685.72,71274804.299,12,16,2024
106332.9,106492.2,106313.6,106400.6,242.781,7743.0,139.315,14826677.1365,12,17,2024
104546.0,104661.4,104503.6,104629.0,370.22,8963.0,239.02,25003822.5058,12,16,2024
101775.2,101859.0,101764.9,101781.0,228.159,6092.0,166.524,16955077.2745,12,15,2024
106369.9,106384.6,106280.0,106372.3,195.854,6330.0,82.319,8754167.1465,12,17,2024
104833.3,104855.0,104760.2,104849.9,242.681,5676.0,106.175,11127877.0948,12,16,2024
101427.3,101496.8,101415.9,101496.8,251.794,7202.0,172.402,17489511.457,12,14,2024
102781.9,102831.6,102662.0,102668.5,431.58,8353.0,121.807,12514320.9613,12,15,2024
101095.2,101145.0,101023.6,101060.8,165.798,4345.0,80.627,8148542.2535,12,14,2024
101497.0,101613.7,101491.3,101564.8,406.277,10309.0,290.565,29505578.8684,12,13,2024
101088.1,101135.4,101025.5,101025.5,100.313,3007.0,42.084,4254432.8724,12,14,2024
104411.0,104485.6,104400.0,104485.6,411.211,9744.0,193.48,20207352.6941,12,16,2024
101102.8,101159.6,100959.9,101150.1,1390.331,17933.0,533.622,53937080.0179,12,14,2024
101524.1,101535.3,101413.0,101453.6,438.603,8528.0,185.122,18780997.0736,12,14,2024
106465.0,106664.1,106465.0,106648.6,322.246,6406.0,232.464,24772344.4269,12,17,2024
101539.9,101700.0,101482.1,101628.0,538.662,13616.0,268.818,27304624.0322,12,13,2024
101320.8,101384.6,101263.9,101306.4,173.366,4905.0,95.985,9727036.3963,12,15,2024
104768.0,104818.4,104638.5,104652.7,409.919,11597.0,221.827,23238690.8927,12,16,2024
107300.2,107305.0,107099.0,107171.0,1984.939,31942.0,763.616,81866275.1025,12,16,2024
101254.8,101366.5,101233.5,101354.3,234.934,4890.0,187.487,18996351.7976,12,14,2024
101701.2,101800.0,101701.1,101799.9,442.752,8648.0,332.435,33830275.0664,12,15,2024
103099.1,103142.0,102950.0,102987.5,310.47,8689.0,118.918,12251220.7314,12,15,2024
106705.7,106933.7,106612.5,106612.6,1869.587,36191.0,1084.845,115874529.5854,12,16,2024
101562.6,101625.8,101543.1,101587.9,172.978,4461.0,59.683,6062992.8544,12,14,2024
104692.2,104957.5,104612.0,104940.5,1555.522,33335.0,862.221,90348161.5865,12,15,2024
102075.0,102075.0,101944.5,101995.8,220.75,7005.0,74.267,7575183.4758,12,14,2024
103053.2,103199.9,102985.9,103177.7,825.563,11308.0,667.062,68784882.0547,12,15,2024
101238.5,101258.7,101196.7,101250.5,170.948,4586.0,104.196,10548013.5012,12,14,2024
103250.4,103300.0,103234.8,103235.7,210.053,4970.0,93.695,9675991.3013,12,15,2024
100893.5,100991.0,100836.9,100900.1,293.321,7954.0,149.511,15087104.5285,12,14,2024
106957.0,107086.5,106917.1,107057.9,1074.559,24820.0,642.204,68721789.1154,12,16,2024
101716.6,101860.0,101710.1,101834.5,610.5,8664.0,512.98,52225602.8169,12,15,2024
101787.9,101870.7,101787.9,101857.6,189.224,4470.0,125.025,12732217.5779,12,14,2024
102227.3,102500.0,102227.0,102486.1,2091.904,35008.0,1329.081,136125596.6073,12,14,2024
104976.1,105001.9,104854.1,104949.9,480.781,9690.0,152.253,15977049.676,12,16,2024
101718.7,101760.0,101704.5,101736.3,209.057,5746.0,113.887,11586855.7617,12,15,2024
101528.8,101564.0,101521.6,101555.0,160.142,4938.0,95.92,9740528.8563,12,14,2024
101047.0,101117.3,101006.8,101020.8,316.913,8627.0,139.668,14114967.9224,12,14,2024
101419.0,101466.6,101397.0,101466.6,269.299,4714.0,144.793,14686099.3195,12,14,2024
102325.8,102545.1,102320.6,102512.3,626.651,11592.0,465.987,47749534.0062,12,15,2024
101643.0,101688.0,101579.9,101678.3,345.697,7871.0,223.016,22663319.4799,12,14,2024
106346.8,106395.5,106245.4,106277.8,602.666,13384.0,318.467,33861161.7732,12,17,2024
102665.3,102793.5,102595.0,102793.5,500.07,11292.0,296.608,30471318.573,12,15,2024
106042.0,106171.5,105976.3,106074.3,1046.46,24805.0,505.025,53561238.8906,12,16,2024
103322.8,103381.0,103316.6,103316.6,200.198,5272.0,98.863,10217546.9145,12,15,2024
101731.8,101757.2,101688.3,101688.3,134.621,4433.0,64.036,6514400.7496,12,14,2024
101625.1,101718.1,101567.5,101643.1,512.327,10225.0,320.963,32626518.3485,12,14,2024
102152.2,102239.9,102151.0,102164.9,200.003,5203.0,100.37,10257456.6743,12,15,2024
104584.5,104674.5,104446.4,104637.6,420.394,9081.0,212.108,22180146.0042,12,16,2024
101241.7,101307.5,101200.0,101305.2,156.819,5184.0,93.925,9510412.475,12,13,2024
107039.5,107055.7,106313.6,106364.7,2797.081,44819.0,1084.0,115605828.5071,12,16,2024
105798.8,105798.9,105635.8,105693.0,623.883,10111.0,376.494,39793562.2255,12,16,2024
101974.9,102104.8,101851.8,102083.1,992.053,20612.0,486.803,49657479.035,12,15,2024
101341.7,101398.8,101189.3,101201.5,851.975,12504.0,424.597,43003433.9229,12,14,2024
101247.6,101308.7,101192.6,101192.7,166.496,4468.0,96.32,9753819.2188,12,13,2024
101430.2,101486.1,101408.0,101486.1,136.452,4827.0,62.051,6295553.4245,12,15,2024
101509.3,101609.9,101494.7,101609.4,229.216,6208.0,189.045,19201899.2406,12,14,2024
106640.6,106640.7,106601.9,106627.6,22.24,704.0,8.607,917593.3151,12,17,2024
106612.5,107170.0,106549.7,106875.8,4635.112,72295.0,2657.515,284245207.2359,12,16,2024
104957.6,104964.4,104733.8,104733.8,326.961,8647.0,100.932,10581119.9266,12,16,2024
101632.2,101636.9,101584.8,101590.2,140.992,3758.0,62.162,6316897.286,12,14,2024
101671.8,101710.0,101525.2,101600.0,388.025,9018.0,192.603,19574728.7792,12,15,2024
104834.3,104834.4,104627.2,104698.2,347.423,11553.0,128.19,13419782.262,12,16,2024
101090.9,101172.1,101055.0,101141.3,116.847,3716.0,66.691,6743823.5118,12,14,2024
101354.2,101449.7,101354.2,101361.3,509.745,9335.0,265.741,26948016.9577,12,14,2024
106645.2,106691.9,106577.7,106620.9,417.828,7192.0,245.702,26204205.9772,12,17,2024
101617.1,101725.2,101612.0,101693.4,388.003,5648.0,257.74,26208268.3069,12,14,2024
101749.0,101797.8,101682.1,101754.5,700.511,6781.0,481.813,49008773.9969,12,14,2024
103763.4,103841.2,103588.0,103695.0,934.297,16262.0,419.435,43498520.7367,12,16,2024
101173.0,101184.5,101124.0,101149.3,123.334,4206.0,54.04,5465937.4446,12,13,2024
101488.0,101500.0,101343.1,101344.3,148.306,4357.0,51.412,5214479.0141,12,15,2024
106130.7,106161.4,105986.9,106007.9,533.593,13185.0,252.809,26822556.8272,12,17,2024
101848.4,101877.5,101836.5,101874.4,84.413,2840.0,54.037,5504148.2861,12,14,2024
102287.3,102388.8,102287.2,102367.5,305.597,6371.0,173.161,17720888.4528,12,15,2024
102443.2,102900.0,102337.5,102793.9,3727.018,58665.0,2473.149,253960029.0902,12,15,2024
103539.7,103756.5,103465.5,103625.5,1424.117,27484.0,861.289,89224938.9576,12,15,2024
101105.2,101144.1,101091.3,101101.7,97.305,3571.0,49.868,5042212.9907,12,14,2024
101699.8,101800.9,101664.7,101765.8,643.699,11122.0,369.54,37601758.7107,12,13,2024
104339.3,104576.0,104284.6,104480.2,1884.578,34135.0,972.952,101626055.0788,12,16,2024
103582.5,103645.9,103550.0,103604.7,625.651,12427.0,314.51,32583949.5324,12,16,2024
104149.7,104339.3,104132.8,104339.2,1020.483,14879.0,702.322,73239507.7727,12,16,2024
102327.0,102426.0,102284.3,102425.9,525.985,12075.0,285.959,29274886.3385,12,15,2024
102790.0,102836.4,102751.4,102781.9,219.601,5991.0,81.435,8370307.3221,12,15,2024
103170.9,103246.3,103142.0,103142.0,167.09,3746.0,70.871,7312776.7565,12,15,2024
101173.4,101188.3,101071.0,101071.0,305.996,7101.0,97.282,9837989.2745,12,13,2024
101550.2,101642.8,101455.0,101639.1,462.442,9077.0,191.874,19483892.325,12,14,2024
101547.5,101726.1,101540.0,101670.0,438.734,8179.0,234.87,23870021.826,12,14,2024
106143.3,106445.7,106118.3,106439.5,1081.8,27967.0,627.478,66692230.5954,12,16,2024
104652.6,104741.4,104500.0,104547.9,593.347,11704.0,164.998,17265655.3434,12,16,2024
104755.8,104796.3,104642.1,104642.2,190.764,5730.0,58.879,6164909.8853,12,16,2024
107505.2,107690.0,107394.2,107435.7,964.53,21087.0,423.137,45500572.1088,12,16,2024
101857.7,101857.7,101744.9,101787.0,280.963,4318.0,71.467,7273623.9788,12,14,2024
100869.2,100982.2,100840.8,100982.2,321.046,7471.0,231.767,23385866.4446,12,14,2024
103000.1,103045.2,102827.0,102856.6,750.812,12561.0,224.072,23056696.8069,12,15,2024
103184.2,103272.7,103123.2,103264.0,251.4,6136.0,178.679,18441449.3239,12,15,2024
104506.5,104634.6,104489.0,104489.1,663.117,13105.0,435.009,45488345.4929,12,16,2024
101627.0,101697.6,101615.6,101636.6,419.969,9430.0,191.527,19470516.5035,12,13,2024
101688.3,101700.0,101657.7,101670.0,113.539,3964.0,59.437,6043581.2803,12,14,2024
101044.0,101083.0,101038.4,101050.7,56.662,2167.0,23.214,2345980.0477,12,14,2024
101519.9,101596.0,101519.9,101595.4,235.439,7218.0,150.86,15321222.2697,12,14,2024
105381.7,105461.4,105362.0,105441.8,383.713,9036.0,235.405,24817122.8626,12,16,2024
106468.1,106728.5,106455.6,106678.7,604.232,14168.0,372.719,39747823.3975,12,17,2024
101540.5,101550.0,101500.6,101525.2,115.025,4526.0,40.861,4148685.583,12,14,2024
101691.4,101771.1,101618.1,101625.1,331.769,7303.0,180.849,18388312.8061,12,14,2024
103339.0,103378.3,103142.5,103142.5,512.73,11021.0,182.897,18883039.4387,12,15,2024
102782.1,103043.6,102663.8,103038.7,966.903,16434.0,708.822,72887647.3893,12,15,2024
101453.6,101453.7,101336.2,101336.2,509.195,9791.0,221.539,22460963.0972,12,14,2024
101301.6,101341.2,101227.3,101241.4,127.973,4206.0,26.66,2700394.8218,12,14,2024
104485.6,104536.5,104351.1,104362.5,546.547,11906.0,175.941,18378058.5108,12,16,2024
105135.0,105170.3,105061.1,105068.3,278.375,6849.0,91.19,9585688.6076,12,16,2024
105344.2,105390.0,105239.7,105239.7,281.026,7300.0,125.749,13246017.5171,12,16,2024
104629.0,104659.6,104622.4,104645.8,223.971,5649.0,112.668,11789890.4988,12,16,2024
106372.2,106420.0,106372.2,106419.3,255.093,4983.0,166.721,17739711.3293,12,17,2024
102902.3,102948.0,102840.5,102859.9,456.111,7615.0,179.314,18452390.6834,12,15,2024
106648.7,106648.7,106520.7,106547.6,253.377,6959.0,111.654,11900182.896,12,17,2024
101254.5,101254.5,101189.3,101247.7,109.584,4248.0,60.483,6121880.9479,12,13,2024
105987.3,105987.3,105742.0,105742.0,294.455,6442.0,72.042,7623226.8917,12,16,2024
101709.6,101731.0,101659.8,101659.8,112.267,3621.0,41.361,4206336.6517,12,14,2024
107026.9,107039.2,106796.1,106848.9,775.241,18136.0,213.542,22832509.5421,12,16,2024
101653.7,101658.1,101600.0,101643.1,139.815,3754.0,83.57,8493457.3645,12,14,2024
101564.9,101640.0,101534.8,101627.0,286.805,7722.0,196.772,19992808.2364,12,13,2024
102462.5,102666.0,102458.8,102665.2,364.916,8710.0,230.639,23654151.0338,12,15,2024
101233.9,101244.9,101200.1,101238.3,145.377,4334.0,90.83,9194749.8148,12,13,2024
106824.4,106824.5,106744.3,106804.4,235.382,7900.0,107.005,11426395.9992,12,17,2024
106045.7,106159.3,106030.4,106141.0,347.142,10182.0,199.744,21197586.9455,12,17,2024
102751.7,102805.6,102656.1,102660.8,721.716,12061.0,115.299,11844656.3228,12,15,2024
106300.0,106524.9,106278.6,106524.8,304.016,8242.0,203.056,21610935.6623,12,17,2024
102181.0,102246.9,102181.0,102230.6,253.198,4887.0,176.13,18002454.0552,12,15,2024
100972.2,100981.0,100850.4,100893.6,419.596,8134.0,145.988,14730535.4344,12,14,2024
105070.3,105130.0,105011.3,105130.0,215.878,6200.0,118.256,12425642.5152,12,16,2024
106336.6,106500.0,106242.6,106309.0,1056.78,16794.0,713.945,75932183.2275,12,16,2024
101125.8,101162.1,101065.2,101093.2,452.71,8970.0,164.036,16585958.084,12,14,2024
101444.2,101479.0,101353.1,101361.8,248.541,6639.0,80.148,8129575.9103,12,13,2024
106401.2,106455.6,106288.2,106288.3,286.973,7617.0,73.953,7869240.6491,12,17,2024
101810.2,101888.0,101650.1,101650.1,444.2,9543.0,196.067,19957455.5404,12,15,2024
106487.7,106487.7,106284.0,106299.9,545.759,10595.0,227.13,24154694.9529,12,17,2024
101588.0,101643.0,101497.0,101538.9,487.138,9473.0,274.877,27930516.1669,12,15,2024
101234.9,101417.6,101229.9,101390.0,652.029,8010.0,559.576,56690305.1982,12,14,2024
101227.7,101227.7,101054.8,101173.5,526.351,10629.0,168.633,17056657.7512,12,13,2024
106678.7,106719.0,106605.3,106645.2,313.706,8513.0,150.842,16088230.2627,12,17,2024
101915.0,101964.1,101914.9,101937.6,152.053,4739.0,53.82,5486058.1455,12,15,2024
102333.2,102418.3,102278.5,102287.2,682.293,12666.0,320.818,32841579.8781,12,15,2024
106620.9,106980.0,106617.0,106880.9,1136.102,20623.0,805.799,86084105.1464,12,17,2024
106750.1,107033.0,106716.5,107026.9,700.484,15062.0,330.042,35285372.9361,12,16,2024
104964.4,105008.3,104919.5,104999.4,260.364,7120.0,150.945,15845485.9812,12,16,2024
106818.4,106976.5,106645.7,106675.7,661.96,17433.0,244.054,26071397.8541,12,16,2024
101490.7,101542.1,101437.6,101509.3,146.798,3973.0,90.201,9153653.1513,12,14,2024
107099.9,107425.0,107099.9,107339.5,2854.598,46002.0,1811.921,194404931.3995,12,16,2024
106364.8,106650.5,106301.0,106549.7,1665.655,29373.0,998.591,106367356.7605,12,16,2024
102926.4,102970.0,102666.7,102738.8,1181.414,21800.0,477.523,49069269.1955,12,15,2024
106855.4,106865.0,106745.1,106750.1,245.476,6747.0,80.494,8596468.7564,12,17,2024
106550.8,106874.5,106465.9,106697.0,2848.483,51591.0,1610.343,171799379.8548,12,16,2024
103383.8,103443.7,103336.5,103387.8,282.062,8124.0,136.7,14135040.3557,12,15,2024
106881.0,106957.3,106770.1,106855.5,607.176,11972.0,333.076,35596645.7932,12,17,2024
101673.6,101763.3,101649.2,101737.4,167.925,4838.0,91.186,9274873.9188,12,14,2024
106009.2,106040.0,105906.4,105987.3,228.415,5598.0,113.483,12025493.8178,12,16,2024
101716.0,101788.0,101716.0,101788.0,92.983,3585.0,57.516,5852184.6755,12,14,2024
103811.8,103850.0,103709.5,103780.0,716.889,10408.0,193.207,20049530.3483,12,16,2024
106729.1,106739.6,106668.6,106718.3,181.654,4982.0,94.898,10124836.1359,12,17,2024
104642.2,104688.5,104551.4,104602.5,447.224,10819.0,177.034,18518682.0881,12,16,2024
101864.8,101949.7,101864.1,101910.6,228.442,5407.0,174.767,17811099.8534,12,14,2024
101093.2,101170.3,101074.5,101138.7,430.597,7968.0,168.041,16992312.1057,12,14,2024
104705.3,104725.3,104554.2,104606.7,185.893,5343.0,74.024,7743774.9967,12,16,2024
102305.0,102305.0,102205.0,102251.7,208.738,5524.0,96.299,9847284.1716,12,14,2024
102120.0,102120.0,101975.3,101986.9,329.284,6814.0,80.147,8176631.5608,12,15,2024
102117.4,102131.1,102080.0,102103.8,198.872,5015.0,99.276,10136700.0484,12,15,2024
104867.7,104867.8,104767.7,104833.3,233.249,6362.0,131.408,13770663.6878,12,16,2024
103296.1,103296.1,103222.5,103227.7,93.453,2676.0,45.701,4718628.4216,12,15,2024
103826.9,104074.7,103816.9,104030.0,2105.839,29866.0,1552.851,161420304.7344,12,16,2024
104762.7,104822.3,104680.4,104680.6,439.158,10321.0,207.988,21784424.8793,12,16,2024
101645.0,101694.6,101595.9,101681.5,315.89,7459.0,179.881,18287191.2048,12,14,2024
101092.3,101215.9,101088.1,101188.3,203.32,4898.0,140.624,14224770.9614,12,13,2024
101740.5,101763.3,101716.0,101716.0,104.52,3470.0,46.471,4728350.1822,12,14,2024
102482.4,102532.5,102136.0,102186.1,1029.819,21762.0,340.356,34818238.7341,12,15,2024
106279.5,106378.7,106200.0,106324.0,378.187,9178.0,179.893,19125074.5201,12,17,2024
101590.2,101590.2,101450.0,101450.0,135.893,4233.0,43.873,4454025.903,12,14,2024
105441.7,105529.5,105429.0,105516.8,394.492,7745.0,195.961,20673457.3564,12,16,2024
106839.0,106962.3,106766.8,106956.9,740.703,18180.0,380.876,40713900.8177,12,16,2024
104558.8,104619.3,104553.0,104553.0,282.5,6541.0,165.605,17320260.3032,12,16,2024
101210.0,101401.3,101209.9,101366.9,316.83,8351.0,207.768,21047346.5507,12,13,2024
104203.4,104230.0,104121.0,104149.7,617.146,12236.0,161.009,16772558.3089,12,16,2024
101312.3,101325.0,101227.6,101227.6,143.878,4171.0,62.521,6331378.9703,12,13,2024
101858.4,101944.9,101852.2,101920.1,289.146,6479.0,185.312,18886034.9658,12,15,2024
105470.0,105529.5,105100.0,105100.0,1769.621,25511.0,938.579,99005999.2294,12,16,2024
101519.5,101519.5,101401.6,101426.6,433.335,10593.0,186.249,18892898.8057,12,14,2024
101170.1,101170.1,101020.4,101090.9,340.582,8349.0,119.418,12068784.3383,12,14,2024
104512.6,104654.7,104484.4,104613.8,284.714,8885.0,190.658,19933939.4401,12,16,2024
103299.2,103350.4,103188.4,103246.1,561.933,7142.0,367.746,37991036.7026,12,15,2024
103235.6,103499.9,103200.0,103441.0,1085.955,19400.0,617.848,63878356.8557,12,15,2024
104865.5,104881.7,104708.8,104799.9,576.601,13247.0,182.472,19120677.4525,12,16,2024
105855.3,105936.0,105814.0,105900.0,181.532,6291.0,113.733,12041222.3674,12,16,2024
101584.0,101632.4,101556.2,101632.3,169.092,4351.0,103.922,10558580.034,12,14,2024
102844.6,102896.4,102750.0,102831.7,229.87,6631.0,124.714,12821005.8811,12,15,2024
101267.4,101302.0,101239.3,101268.7,151.533,3907.0,81.251,8229231.1577,12,14,2024
102357.0,102405.6,102277.3,102313.0,175.568,4927.0,70.311,7194269.8008,12,15,2024
101693.4,101744.1,101693.4,101740.0,131.269,3985.0,86.578,8806734.2633,12,14,2024
103567.4,103608.7,103340.8,103381.3,1712.43,28009.0,578.569,59879191.8379,12,16,2024
105153.3,105312.3,104984.6,105248.4,1727.336,30494.0,977.142,102766673.6432,12,16,2024
105630.5,105875.0,105630.5,105850.1,628.817,12719.0,440.056,46550996.0471,12,16,2024
103032.9,103110.5,102983.0,103099.1,487.127,8114.0,369.034,38030137.6232,12,15,2024
106029.7,106029.7,105725.1,105758.0,960.344,19341.0,397.601,42102808.5677,12,16,2024
102512.2,102595.0,102474.5,102514.7,553.646,12194.0,346.113,35490183.1009,12,15,2024
101763.7,101772.8,101727.2,101730.3,71.713,2880.0,36.005,3663823.5075,12,14,2024
101705.9,101824.3,101700.0,101763.7,272.95,5427.0,198.537,20206178.0038,12,14,2024
105119.9,105119.9,105035.5,105071.0,180.215,5833.0,74.975,7877311.8054,12,16,2024
106000.2,106171.5,105958.5,106016.7,318.901,11565.0,162.785,17268545.5748,12,17,2024
104758.3,104777.1,104669.1,104694.6,251.363,6007.0,106.078,11108212.0468,12,16,2024
105516.8,105644.6,105390.5,105538.9,2442.786,22149.0,1808.541,190808374.8983,12,16,2024
101460.0,101496.3,101416.1,101430.2,284.815,6401.0,160.684,16304777.8438,12,15,2024
102012.0,102117.4,102011.9,102112.9,304.706,5697.0,259.86,26528720.578,12,15,2024
101025.5,101025.6,100859.7,100859.8,230.061,5150.0,55.548,5607042.366,12,14,2024
101427.4,101536.0,101423.9,101483.3,280.358,6541.0,213.482,21668078.9143,12,14,2024
101676.4,101756.6,101663.1,101748.9,153.553,4791.0,90.082,9162735.1748,12,14,2024
107018.3,107100.0,106938.4,107100.0,494.986,14634.0,254.619,27252053.8722,12,16,2024
103073.5,103105.0,102863.9,102917.3,397.818,10847.0,191.486,19715486.5449,12,15,2024
101874.4,101895.2,101822.8,101827.8,134.202,3690.0,53.0,5399024.603,12,14,2024
106233.8,106235.0,106142.2,106217.6,343.177,7690.0,117.754,12504265.4982,12,17,2024
101605.1,101661.2,101594.8,101635.2,270.977,6178.0,183.674,18664767.735,12,14,2024
102917.3,102925.6,102799.3,102844.5,245.573,7742.0,107.41,11046603.3438,12,15,2024
101035.9,101109.9,100956.9,101109.7,277.507,7412.0,174.022,17585128.128,12,14,2024
101145.5,101380.0,101123.4,101274.3,1165.368,16312.0,686.046,69484282.1751,12,14,2024
102793.9,102842.8,102556.8,102600.0,2118.447,26566.0,756.702,77759867.5445,12,15,2024
101701.9,101788.7,101651.6,101676.7,642.116,11034.0,357.6,36372052.67,12,14,2024
101315.8,101404.2,101315.8,101371.4,502.529,8052.0,361.516,36640761.9431,12,14,2024
101600.1,101600.1,101528.0,101562.7,110.44,3490.0,35.651,3620506.3014,12,14,2024
101650.2,101710.0,101515.5,101531.0,716.664,13816.0,224.946,22859905.4226,12,15,2024
101670.1,101718.0,101579.8,101592.2,1056.145,10293.0,344.777,35038104.6327,12,14,2024
102313.0,102313.1,102283.9,102293.0,88.448,3214.0,39.473,4037933.7315,12,15,2024
106016.8,106016.8,105785.1,105879.4,441.198,12404.0,171.781,18187729.6963,12,17,2024
104616.3,104680.4,104596.4,104600.0,316.801,6673.0,178.308,18660494.0668,12,16,2024
105944.0,106000.0,105864.9,106000.0,389.933,7385.0,235.496,24952106.5385,12,16,2024
106875.8,107079.7,106582.0,106668.5,1826.732,41429.0,698.073,74625444.67,12,16,2024
105758.0,105957.2,105758.0,105784.5,508.601,14591.0,309.641,32776260.8895,12,16,2024
101747.5,101751.3,101715.2,101715.2,68.069,3094.0,31.785,3233581.5102,12,14,2024
104665.4,104706.3,104448.4,104502.3,785.608,16058.0,266.538,27872397.3817,12,16,2024
102402.5,102491.1,102323.2,102482.4,635.837,13973.0,251.945,25805619.8387,12,15,2024
104077.0,104077.0,103696.7,103841.4,1844.087,21622.0,603.637,62673136.145,12,16,2024
104679.2,104695.8,104586.9,104621.6,211.235,5453.0,76.263,7978917.2023,12,16,2024
104703.9,104957.7,104703.9,104957.6,538.949,11219.0,363.762,38146064.572,12,16,2024
105693.0,105860.6,105691.3,105820.0,264.928,7152.0,145.366,15377231.3341,12,16,2024
101122.0,101122.0,100777.0,100835.2,2474.716,34264.0,718.045,72437042.4691,12,14,2024
105248.4,106553.1,105248.4,106249.5,8878.811,136491.0,5555.785,588498802.7605,12,16,2024
105761.2,105798.0,105688.1,105734.7,371.818,8674.0,164.327,17376775.31,12,16,2024
104850.0,104850.0,104757.6,104819.2,183.237,5851.0,70.53,7391012.9289,12,16,2024
104155.9,104263.5,104100.0,104203.4,717.058,10858.0,382.549,39862273.2732,12,16,2024
105543.6,105726.7,105537.0,105680.6,275.176,6874.0,192.919,20381833.7375,12,16,2024
103441.0,104000.0,103435.1,103539.7,4864.732,72562.0,2738.409,284095725.9029,12,15,2024
106535.0,106614.2,106500.0,106546.0,626.471,13281.0,387.239,41261352.2481,12,16,2024
104362.6,104465.0,104300.0,104386.4,470.425,12252.0,222.143,23189157.2397,12,16,2024
101884.3,101893.4,101831.4,101831.4,88.151,3220.0,39.651,4039001.0557,12,15,2024
106804.4,106810.0,106708.2,106733.0,322.345,7707.0,99.427,10616987.6916,12,17,2024
102659.7,102659.8,102469.1,102483.9,634.149,13271.0,204.153,20934164.6616,12,15,2024
101400.0,101429.4,101317.1,101341.2,315.894,7703.0,153.786,15588468.9285,12,14,2024
106250.0,106466.9,106164.6,106301.5,2946.998,60307.0,1688.706,179555217.3306,12,16,2024
101579.8,101672.5,101579.7,101630.8,373.727,7637.0,245.602,24961476.8894,12,15,2024
102823.0,102888.9,102662.6,102696.0,493.902,12590.0,140.434,14437880.1055,12,15,2024
101910.5,101940.7,101770.0,101775.1,336.76,6892.0,117.323,11949230.3815,12,14,2024
104678.9,104678.9,104485.5,104545.7,446.097,8632.0,150.82,15768421.8568,12,16,2024
101331.5,101331.6,101267.6,101295.7,162.977,4315.0,64.478,6530903.6069,12,14,2024
106089.1,106256.8,105894.8,106104.5,1879.88,30648.0,919.504,97583663.7732,12,16,2024
103038.6,103108.0,102939.5,103073.5,462.929,10936.0,227.79,23470887.0365,12,15,2024
104564.5,104768.4,104479.2,104762.7,562.83,13459.0,367.979,38507563.2032,12,16,2024
101927.4,102016.1,101904.8,101915.0,349.406,7497.0,201.423,20539223.6733,12,15,2024
106491.3,106526.6,106419.0,106492.2,153.736,6385.0,86.502,9210576.3121,12,17,2024
106675.8,106898.1,106654.2,106839.0,692.067,19845.0,354.643,37876612.3345,12,16,2024
101295.8,101307.0,101258.2,101307.0,172.658,4656.0,91.963,9314246.1502,12,14,2024
103841.4,103920.0,103711.7,103763.3,1223.927,15747.0,384.832,39955208.6931,12,16,2024
104698.2,104902.6,104698.2,104902.6,326.164,9072.0,180.493,18918071.7747,12,16,2024
101149.9,101159.0,100994.0,101072.9,183.166,5216.0,65.411,6610246.2896,12,14,2024
105277.5,105461.5,105185.1,105185.1,1058.704,23321.0,499.142,52580773.0491,12,16,2024
102226.6,102418.7,102226.5,102336.5,583.375,9791.0,487.703,49906763.7786,12,15,2024
106095.0,106126.1,106011.8,106011.8,251.364,5502.0,108.372,11495172.7753,12,16,2024
105126.9,105199.9,105065.0,105175.8,611.381,10692.0,463.716,48755354.3361,12,16,2024
101422.5,101422.5,101400.0,101416.3,53.132,1933.0,27.036,2741895.0415,12,15,2024
101496.9,101507.0,101433.3,101435.3,130.213,5410.0,66.257,6722654.2654,12,14,2024
104489.0,104738.1,104467.0,104652.8,642.533,14205.0,428.008,44779292.7136,12,16,2024
103979.1,105000.0,103936.5,104629.5,9146.323,130906.0,6227.819,650715718.2975,12,15,2024
104703.1,104899.4,104560.9,104777.2,1031.142,22067.0,567.762,59465672.8517,12,15,2024
100886.2,101025.6,100867.9,100972.3,369.698,8742.0,260.265,26278253.9986,12,14,2024
101911.1,101911.1,101824.5,101881.5,264.91,7202.0,86.891,8851318.4975,12,15,2024
101781.0,101871.5,101755.7,101851.0,252.049,5838.0,187.132,19049415.795,12,15,2024
101250.1,101261.8,101125.8,101125.8,449.499,9705.0,213.192,21574358.483,12,14,2024
106524.8,106543.5,106401.2,106401.3,316.787,8419.0,127.082,13535148.5401,12,17,2024
105738.2,105852.1,105065.0,105453.9,3595.857,58952.0,1364.875,143840912.1566,12,16,2024
102217.7,102223.2,102118.3,102152.3,395.725,6638.0,109.328,11168756.497,12,15,2024
101381.0,101460.0,101312.1,101459.9,217.641,6374.0,128.715,13052065.7231,12,15,2024
102719.9,102813.3,102719.9,102776.0,283.54,8104.0,157.895,16227940.5078,12,15,2024
104746.0,105166.9,104745.9,105153.3,2551.954,38657.0,1657.25,173976745.1705,12,16,2024
106465.0,106597.5,106405.4,106548.0,180.778,5501.0,82.9,8829678.2243,12,17,2024
106008.0,106106.5,105775.8,106105.9,731.808,18104.0,450.201,47687072.8564,12,17,2024
106018.9,106040.0,105943.9,105944.0,193.564,5564.0,84.955,9004684.94,12,16,2024
103292.6,103292.6,103160.0,103170.9,193.521,3315.0,67.18,6931080.8489,12,15,2024
107339.5,107777.0,107218.9,107518.3,3519.693,53643.0,2187.577,235296280.3971,12,16,2024
103859.6,104041.4,103832.8,104019.3,645.923,12808.0,468.203,48677895.5284,12,16,2024
105810.6,105972.0,105549.1,105853.8,1613.537,33643.0,795.724,84167355.3981,12,16,2024
106938.0,106996.5,106794.6,106822.1,700.679,17835.0,232.475,24854336.6946,12,16,2024
103011.3,103031.3,102982.3,102992.8,166.151,4510.0,45.002,4635222.1115,12,15,2024
106372.3,106376.6,106228.9,106233.7,128.671,5414.0,35.705,3795621.1873,12,17,2024
103356.8,103356.9,103167.9,103290.9,771.348,10133.0,194.367,20063428.2712,12,15,2024
103939.2,104096.5,103867.0,104085.0,709.861,14390.0,445.282,46320993.7909,12,16,2024
101876.7,101876.7,101632.5,101729.1,1321.781,25471.0,475.509,48374642.102,12,14,2024
101567.4,101628.2,101500.5,101570.2,558.246,10855.0,273.627,27798070.3342,12,14,2024
104658.4,104800.3,104643.9,104720.7,563.371,9393.0,336.198,35210579.1946,12,16,2024
101674.9,101689.9,101650.9,101683.0,120.387,2984.0,48.904,4972016.1288,12,14,2024
102803.9,102804.0,102690.3,102758.4,196.675,6701.0,85.069,8741348.2499,12,15,2024
101242.3,101331.4,101227.9,101312.4,208.135,4845.0,107.335,10871049.8705,12,13,2024
102754.5,102833.0,102674.5,102784.9,346.125,8884.0,159.415,16381724.8567,12,15,2024
101576.8,101658.0,101560.2,101653.6,279.978,4718.0,231.878,23555986.0371,12,14,2024
105314.9,105378.7,105162.6,105336.6,612.523,14935.0,256.264,26987498.1481,12,16,2024
105850.1,105990.0,105839.5,105855.3,711.026,11780.0,394.557,41785985.2733,12,16,2024
107709.5,107768.4,107475.5,107505.2,1248.928,27605.0,448.494,48268267.663,12,16,2024
106822.1,107124.8,106822.1,107075.3,788.535,17515.0,399.365,42740785.3981,12,16,2024
106277.8,106420.0,106250.0,106279.5,450.572,12529.0,234.148,24905072.116,12,17,2024
104800.0,104851.8,104669.1,104755.6,483.132,10604.0,213.675,22384687.9312,12,16,2024
101994.5,102136.0,101990.0,102128.2,145.94,5019.0,100.072,10211635.4096,12,14,2024
103124.3,103207.1,103050.2,103202.9,232.139,7308.0,144.577,14909097.9745,12,15,2024
101393.4,101467.2,101348.8,101467.2,217.626,5540.0,128.166,12996168.3607,12,14,2024
104518.8,104562.0,104463.9,104506.4,606.843,10529.0,256.895,26850289.4497,12,16,2024
103142.0,103197.5,103136.8,103183.3,81.8,3067.0,53.103,5478216.0023,12,15,2024
104738.0,104760.0,104627.2,104678.8,185.676,5613.0,93.285,9767045.9226,12,16,2024
102015.4,102059.3,101979.4,101979.4,189.051,5075.0,103.903,10600012.7255,12,15,2024
103055.0,103175.1,103054.9,103124.8,265.098,7117.0,138.063,14235622.8287,12,15,2024
105784.4,105784.4,105627.6,105630.6,878.745,17682.0,364.8,38562293.1451,12,16,2024
101484.7,101590.3,101479.7,101590.2,286.28,6404.0,207.739,21094043.3453,12,14,2024
101750.9,101810.1,101700.0,101728.4,421.379,5423.0,126.172,12837779.7931,12,15,2024
103980.6,104020.0,103899.4,103939.2,651.712,12508.0,249.275,25910542.9419,12,16,2024
101840.9,102150.0,101812.2,102149.9,820.375,13582.0,691.496,70533831.3744,12,15,2024
104600.0,104680.4,104595.7,104660.4,202.293,4616.0,110.631,11576665.7659,12,16,2024
107075.3,107085.7,106920.2,106920.2,659.942,17996.0,261.125,27947416.4413,12,16,2024
101379.5,101388.4,101183.4,101192.1,475.446,10697.0,165.753,16780085.7397,12,14,2024
101516.7,101516.8,101197.8,101221.5,837.584,13159.0,346.374,35078456.6636,12,13,2024
104728.1,104771.7,104652.8,104737.1,283.867,7263.0,198.398,20777990.5315,12,16,2024
106249.6,106665.8,106028.0,106549.7,3872.764,73595.0,2030.736,216067784.3479,12,16,2024
106106.0,106200.0,106029.5,106080.6,566.331,15215.0,344.142,36525362.7762,12,17,2024
102592.4,102785.4,102592.4,102766.5,650.109,12113.0,454.916,46702836.4944,12,15,2024
104753.3,104829.1,104718.5,104758.4,189.081,6642.0,101.638,10650295.8072,12,16,2024
103190.7,103498.9,103190.6,103369.9,2423.421,38860.0,1584.791,163817501.7165,12,15,2024
105195.3,105200.0,105147.2,105184.7,209.046,4550.0,99.076,10420395.6921,12,16,2024
104560.0,104584.5,104439.3,104546.0,331.427,9536.0,169.442,17710427.1374,12,16,2024
102121.6,102125.0,102040.1,102111.1,135.146,5106.0,42.295,4317716.363,12,14,2024
104019.2,104179.0,103999.5,104114.7,885.472,15302.0,586.766,61073905.661,12,16,2024
105090.6,105124.8,105059.0,105092.3,264.627,6685.0,136.919,14387378.5443,12,16,2024
103183.2,103192.3,103142.0,103142.0,124.902,4115.0,52.433,5409322.9168,12,15,2024
102192.5,102349.1,102180.0,102327.0,665.375,11065.0,481.53,49249451.0445,12,15,2024
102958.9,103011.8,102824.4,102926.4,495.059,12687.0,233.531,24043187.615,12,15,2024
101192.7,101254.4,101149.2,101234.0,218.33,6719.0,118.445,11987594.484,12,13,2024
101320.0,101445.6,101319.5,101383.5,246.53,6476.0,146.0,14800014.8782,12,13,2024
103717.9,103854.8,103555.0,103827.0,1811.023,34045.0,960.92,99667412.8887,12,16,2024
106769.0,106940.2,106718.1,106895.8,894.453,25086.0,406.941,43484576.3385,12,16,2024
101644.8,101662.7,101611.4,101662.7,161.165,3526.0,109.124,11091223.5491,12,14,2024
101820.1,101895.0,101820.0,101870.0,149.468,4036.0,113.633,11575946.1027,12,14,2024
101361.9,101391.2,101245.3,101274.8,518.808,8556.0,224.727,22770522.4145,12,13,2024
106114.2,106372.7,106020.5,106188.5,859.831,16424.0,438.337,46540495.7867,12,16,2024
101390.0,101439.0,101319.5,101406.9,393.87,9110.0,203.266,20611775.4784,12,14,2024
102514.7,102544.6,102459.7,102521.3,308.118,7596.0,133.413,13675163.2253,12,15,2024
104596.1,104596.1,104439.0,104447.3,275.79,6863.0,74.536,7789326.5283,12,16,2024
101815.2,101859.6,101800.0,101800.0,221.878,4981.0,51.74,5268450.3481,12,15,2024
100982.2,101111.0,100928.9,101063.8,468.433,9112.0,302.183,30531333.5885,12,14,2024
102072.5,102141.4,102072.4,102117.5,220.188,5092.0,118.75,12124602.0266,12,15,2024
104899.3,104963.8,104810.1,104834.4,466.625,12282.0,234.796,24629758.3358,12,16,2024
101729.9,101753.2,101722.4,101751.0,140.761,3377.0,87.014,8852434.7178,12,15,2024
103316.7,103326.6,103182.5,103183.1,126.488,3491.0,22.679,2341738.7401,12,15,2024
102825.6,103148.0,102825.6,103104.2,2425.453,38043.0,1754.455,180772883.8841,12,15,2024
101927.1,101961.3,101870.2,101870.2,98.495,3672.0,34.445,3510813.229,12,14,2024
101290.7,101369.0,101280.8,101369.0,161.253,4308.0,109.569,11100540.1956,12,14,2024
102367.6,102368.0,102209.0,102217.6,390.756,8123.0,128.065,13096245.3764,12,15,2024
105435.1,105527.5,105253.2,105277.4,1513.899,24499.0,821.92,86685680.4792,12,16,2024
101670.0,101747.6,101662.5,101747.6,80.9,3376.0,55.613,5656053.1267,12,14,2024
106526.6,106547.4,106465.9,106480.0,276.382,6726.0,142.722,15200483.8292,12,17,2024
103020.2,103020.4,102757.3,102865.2,490.488,10818.0,138.438,14245143.0745,12,15,2024
106928.2,106948.3,106722.6,106769.1,889.533,21772.0,371.963,39740216.5412,12,16,2024
106337.6,106534.8,106330.2,106517.9,244.431,6375.0,160.218,17058121.203,12,17,2024
101412.5,101452.4,101327.5,101327.5,240.404,4865.0,56.42,5722643.5044,12,14,2024
105332.0,105874.3,105236.8,105793.7,4937.518,82736.0,2920.601,308556342.9603,12,16,2024
101331.4,101497.0,101283.4,101496.9,457.402,9456.0,187.53,19017926.1544,12,13,2024
101745.1,101783.6,101705.6,101709.7,136.147,3519.0,63.615,6471751.7541,12,14,2024
101129.0,101129.0,101050.0,101078.9,260.223,4705.0,113.441,11467120.0367,12,13,2024
102771.6,102976.4,102763.2,102942.0,1756.086,28386.0,1195.601,123020555.5373,12,15,2024
101800.1,101800.1,101725.7,101760.8,347.518,5452.0,74.521,7583091.9027,12,15,2024
101483.4,101528.8,101469.4,101528.8,122.779,4114.0,71.377,7244410.1661,12,14,2024
104553.0,104656.8,104518.6,104597.9,394.191,8657.0,274.089,28668159.1253,12,16,2024
101329.6,101390.5,101318.2,101379.5,227.728,6365.0,155.9,15803057.5536,12,14,2024
103604.8,103694.0,103491.4,103530.8,693.494,17591.0,414.369,42931071.2868,12,16,2024
101111.9,101143.9,101092.0,101092.2,165.543,4913.0,85.613,8656535.0775,12,13,2024
106309.0,106450.9,106288.0,106335.8,542.823,11053.0,259.116,27563048.5186,12,16,2024
101196.2,101282.5,101125.1,101195.6,422.963,8053.0,198.022,20044823.46,12,14,2024
104713.2,104733.7,104642.1,104714.4,194.18,6992.0,101.189,10593606.5286,12,16,2024
105130.0,105170.1,105053.6,105119.8,221.531,7697.0,98.107,10312176.4689,12,16,2024
105239.8,105286.1,105195.2,105195.2,205.654,5226.0,65.66,6910280.753,12,16,2024
101249.9,101275.3,101220.0,101244.8,191.676,4538.0,68.435,6928731.2085,12,14,2024
104770.1,104865.5,104728.5,104865.5,273.879,7868.0,168.378,17645646.8034,12,16,2024
101601.9,101623.7,101539.6,101600.0,283.99,5973.0,87.062,8844026.5761,12,14,2024
105184.7,105184.7,105090.6,105090.6,254.983,5711.0,85.275,8964352.1436,12,16,2024
101979.4,102008.2,101974.1,101980.0,102.758,3529.0,37.849,3860126.7452,12,15,2024
101960.1,101960.2,101865.5,101910.6,226.982,7600.0,85.437,8707186.0547,12,15,2024
106766.6,106816.3,106724.3,106756.6,306.19,7751.0,114.927,12272176.3535,12,17,2024
105453.9,105835.8,105214.2,105782.6,2570.755,51798.0,1468.948,155057584.6556,12,16,2024
107171.0,107257.8,106885.8,107039.5,1787.458,32865.0,647.61,69312803.638,12,16,2024
101201.6,101269.3,101106.9,101107.0,588.289,10098.0,197.166,19953732.3212,12,14,2024
101662.7,101681.4,101600.0,101600.0,175.65,4308.0,96.036,9761455.4713,12,14,2024
101717.7,101717.8,101555.0,101673.6,275.362,6589.0,78.101,7936500.0382,12,14,2024
103053.2,103053.2,102981.1,103011.4,198.382,5540.0,56.733,5844085.6919,12,15,2024
105123.4,105123.5,104970.6,104976.0,599.122,6538.0,73.51,7720902.2988,12,16,2024
102600.0,102665.8,102300.0,102402.4,1884.19,23843.0,510.009,52262587.0918,12,15,2024
104865.5,104954.8,104801.0,104933.8,838.311,10479.0,399.185,41876926.2813,12,16,2024
102191.7,102242.6,102177.4,102189.7,156.372,4788.0,83.254,8509387.9667,12,15,2024
106253.1,106295.0,105745.5,105967.4,2815.929,52562.0,1107.906,117390367.1844,12,16,2024
104621.7,104621.7,104565.0,104596.0,239.417,5147.0,78.072,8166346.6207,12,16,2024
102136.0,102145.2,102016.4,102114.8,243.921,8142.0,70.639,7210884.2306,12,14,2024
103075.1,103083.4,102977.3,103049.0,323.025,7695.0,139.413,14361991.1043,12,15,2024
101764.6,101764.8,101680.0,101702.7,548.531,7230.0,102.511,10426920.8988,12,15,2024
101400.0,101443.0,101286.0,101286.0,326.198,7548.0,97.915,9924331.6915,12,13,2024
105940.5,106006.0,105898.8,105945.1,220.618,7725.0,82.52,8742257.1619,12,17,2024
106492.1,106506.4,106465.0,106465.1,135.758,3935.0,69.778,7430318.6651,12,17,2024
103185.5,103272.1,103014.7,103115.8,407.434,9379.0,178.244,18384192.0409,12,15,2024
102050.1,102266.6,101951.5,102161.0,874.294,18603.0,483.09,49326378.0993,12,14,2024
101437.8,101492.0,101423.6,101484.8,223.26,6488.0,125.899,12771906.0952,12,14,2024
101343.9,101380.0,101222.3,101242.4,262.364,6413.0,82.051,8313496.7309,12,13,2024
104230.1,104236.1,104025.5,104071.6,1343.629,23712.0,613.211,63844598.7231,12,16,2024
102619.7,102743.9,102619.6,102659.7,344.146,9179.0,185.701,19068332.8432,12,15,2024
101896.6,101896.7,101860.0,101862.3,229.067,4831.0,72.66,7402587.4246,12,15,2024
101949.9,101970.0,101930.1,101960.1,185.989,5142.0,110.467,11261713.364,12,15,2024
101588.5,101714.4,101588.4,101691.3,563.537,12742.0,331.559,33709531.3194,12,15,2024
101950.0,102263.5,101949.9,102120.1,814.668,13968.0,572.681,58491028.9021,12,14,2024
101260.2,101309.3,101227.0,101254.8,201.394,4258.0,114.549,11599524.1678,12,14,2024
106224.8,106236.6,106090.8,106095.0,401.922,6756.0,163.113,17312112.2623,12,16,2024
103202.9,103250.0,103069.6,103075.0,186.79,6072.0,59.916,6182321.4995,12,15,2024
101373.1,101373.2,101321.5,101330.5,180.59,3369.0,32.248,3268230.4661,12,14,2024
104071.7,104139.9,103978.0,104057.9,871.623,19376.0,401.106,41743485.7434,12,16,2024
101467.1,101581.4,101460.1,101567.4,378.426,9633.0,237.485,24114765.1905,12,14,2024
101436.6,101461.5,101281.2,101331.4,358.163,7271.0,168.691,17104593.6086,12,13,2024
101046.3,101130.0,101040.6,101105.1,118.123,4348.0,58.323,5896508.1997,12,14,2024
103000.0,103146.4,103000.0,103082.3,682.394,9344.0,245.195,25264402.7673,12,15,2024
101831.5,101842.8,101745.0,101833.8,186.659,5064.0,60.38,6146289.1405,12,15,2024
101025.5,101096.0,100836.9,101066.0,911.569,18564.0,416.879,42092637.4145,12,14,2024
101825.7,101838.1,101772.0,101774.1,149.323,3613.0,52.562,5351640.0927,12,14,2024
106895.7,106900.3,106713.0,106818.4,851.286,20259.0,319.195,34089893.2306,12,16,2024
106597.6,106729.1,106577.7,106729.1,211.518,6213.0,131.315,14002028.1776,12,17,2024
105853.8,105887.6,105263.6,105435.2,3169.926,46710.0,1075.28,113464771.0384,12,16,2024
105989.2,106255.0,105696.0,106249.9,2606.318,54321.0,1362.277,144480808.3036,12,16,2024
102408.0,102540.0,102384.7,102407.9,774.777,12772.0,537.384,55062780.822,12,15,2024
106419.2,106526.6,106419.2,106491.3,249.991,6650.0,165.415,17612172.1662,12,17,2024
102738.8,102800.0,102628.1,102720.0,627.694,14116.0,294.211,30221416.7253,12,15,2024
106697.0,106727.2,106508.7,106613.3,1110.115,27565.0,487.823,52017089.1899,12,16,2024
101570.2,101729.2,101570.1,101630.1,785.308,11796.0,446.827,45428878.4862,12,14,2024
103049.0,103060.1,102959.4,102959.4,237.444,6092.0,110.494,11381008.3381,12,15,2024
106546.1,106618.2,106207.2,106211.7,1056.142,18129.0,395.919,42127315.1387,12,16,2024
103115.9,103168.0,103044.6,103124.3,164.789,5551.0,71.338,7355620.1583,12,15,2024
104645.9,104730.0,104611.1,104656.7,339.941,8267.0,209.258,21904023.7345,12,16,2024
101555.0,101570.6,101540.5,101540.5,95.681,3317.0,47.505,4824373.715,12,14,2024
104025.8,104112.4,103893.4,103900.0,862.0,16495.0,414.137,43080673.5278,12,16,2024
104720.7,104817.7,104708.7,104795.2,439.153,9056.0,228.473,23941274.5699,12,16,2024
102133.0,102214.8,102125.5,102191.8,174.234,4963.0,105.99,10828997.9697,12,15,2024
104463.1,104478.3,104245.2,104410.9,1282.496,23874.0,670.7,69982203.7106,12,16,2024
102483.9,102594.9,102438.0,102462.4,560.611,12996.0,271.922,27872119.4975,12,15,2024
101305.3,101478.0,101305.2,101371.9,536.061,9610.0,357.485,36245825.8109,12,13,2024
102165.0,102171.3,102096.3,102132.9,216.246,5022.0,58.383,5962849.7508,12,15,2024
103261.9,103319.6,103185.5,103185.5,349.072,8051.0,180.828,18670767.2835,12,15,2024
107518.4,107774.9,107390.0,107709.5,1608.302,32005.0,835.966,89966446.1581,12,16,2024
104613.8,104719.5,104549.0,104713.2,324.098,8537.0,220.058,23033950.3817,12,16,2024
101599.9,101600.0,101444.3,101519.5,542.535,8550.0,141.216,14334270.2107,12,14,2024
101686.7,101687.8,101514.8,101539.8,327.85,9406.0,134.173,13627524.7599,12,13,2024
100985.3,101082.8,100963.8,101075.5,247.344,5756.0,173.79,17556985.0108,12,14,2024
101942.7,102057.6,101942.6,102015.3,238.026,5112.0,164.136,16740478.8154,12,15,2024
101683.1,101740.9,101668.7,101717.8,108.525,2659.0,83.928,8536017.7351,12,14,2024
101022.5,101109.3,100970.7,101022.5,314.591,8725.0,153.293,15489862.6643,12,14,2024
106288.3,106397.3,106233.0,106369.9,438.377,8579.0,242.788,25806343.9878,12,17,2024
101525.2,101567.1,101495.0,101567.1,162.591,3991.0,95.14,9661293.4617,12,14,2024
101850.9,101893.4,101844.0,101884.3,143.288,4058.0,78.38,7984989.8542,12,15,2024
104114.7,104220.0,104100.0,104155.9,830.014,12536.0,372.863,38840145.8633,12,16,2024
102405.5,102465.1,102357.0,102357.0,292.072,6381.0,124.611,12764094.6959,12,15,2024
102623.0,102875.0,102623.0,102771.6,1794.136,29416.0,1189.565,122205194.5811,12,15,2024
101389.9,101450.0,101365.0,101413.9,195.497,4248.0,95.845,9720415.1758,12,14,2024
104737.1,104815.7,104674.5,104679.2,319.287,7159.0,146.015,15296365.6316,12,16,2024
100856.3,100951.0,100777.0,100794.4,324.629,7642.0,137.862,13906182.7545,12,14,2024
105235.4,105260.0,105034.4,105081.8,958.895,17673.0,320.159,33669952.9975,12,16,2024
101715.2,101715.3,101650.0,101699.9,123.777,4280.0,46.772,4755039.3455,12,14,2024
104882.8,105056.3,104505.3,104582.0,2090.827,31050.0,567.478,59442642.1307,12,16,2024
106450.5,106487.7,106250.0,106378.8,937.921,19574.0,449.189,47790028.8238,12,16,2024
102111.1,102199.4,102083.9,102172.6,164.966,4939.0,83.045,8482620.2722,12,14,2024
101890.5,102009.9,101875.1,101927.3,377.75,8789.0,166.449,16967501.4314,12,15,2024
101816.7,101839.2,101737.4,101768.4,168.446,7016.0,103.488,10533053.1387,12,14,2024
101977.6,101996.8,101935.9,101942.6,164.006,4887.0,58.006,5914782.031,12,15,2024
101011.9,101161.1,101011.9,101113.6,200.271,4565.0,129.096,13051023.2857,12,14,2024
101260.6,101323.2,101223.4,101269.8,431.518,10622.0,197.94,20044806.9302,12,14,2024
102135.4,102222.0,102135.3,102207.2,162.959,4928.0,86.418,8830947.5839,12,15,2024
101713.1,101739.9,101639.3,101701.9,234.475,5130.0,139.115,14147614.3967,12,14,2024
102946.6,103175.7,102942.9,103139.2,902.707,15620.0,645.666,66552867.0936,12,15,2024
101765.9,101822.4,101588.0,101686.7,419.622,10667.0,192.262,19558019.6946,12,13,2024
104795.2,104796.7,104709.5,104770.2,364.805,6430.0,144.843,15173627.867,12,16,2024
101257.2,102137.3,101257.2,101987.2,5940.554,81483.0,3690.166,375583521.7212,12,14,2024
102114.8,102131.8,102040.7,102040.7,146.524,4874.0,53.487,5460607.1681,12,14,2024
101106.9,101152.5,101044.6,101047.0,1199.283,12565.0,669.013,67636526.3112,12,14,2024
107478.8,107516.5,107273.8,107300.2,985.498,21026.0,421.734,45300659.1907,12,16,2024
101834.4,101860.0,101800.0,101836.4,245.162,6319.0,165.677,16871130.0577,12,15,2024
102175.5,102329.3,102175.4,102304.9,475.012,11920.0,325.877,33323987.1987,12,14,2024
